<?xml version="1.0" encoding="UTF-8" ?>

<Data>
	<regions>
		<region>
			<id>115</id>
			<nomcourt>de</nomcourt>
			<nom_fr>Allemagne</nom_fr>
			<nom_de>Deutschland</nom_de>
			<nom_en>Germany</nom_en>
			<nom_es>Alemania</nom_es>
			<nom_pt>Alemanha</nom_pt>
			<parent>48</parent>
		</region>
		<region>
			<id>114</id>
			<nomcourt>asi</nomcourt>
			<nom_fr>Asie</nom_fr>
			<nom_de>Asien</nom_de>
			<nom_en>Asia</nom_en>
			<nom_es>Asia</nom_es>
			<nom_pt>Ásia</nom_pt>
			<parent>0</parent>
		</region>
		<region>
			<id>61</id>
			<nomcourt>au</nomcourt>
			<nom_fr>Australie</nom_fr>
			<nom_de>Australien</nom_de>
			<nom_en>Australia</nom_en>
			<nom_es>Australia</nom_es>
			<nom_pt>Austrália</nom_pt>
			<parent>3824</parent>
		</region>
		<region>
			<id>63</id>
			<nomcourt>br</nomcourt>
			<nom_fr>Brésil</nom_fr>
			<nom_de>Brasilien</nom_de>
			<nom_en>Brazil</nom_en>
			<nom_es>Brasil</nom_es>
			<nom_pt>Brasil</nom_pt>
			<parent>3257</parent>
		</region>
		<region>
			<id>3891</id>
			<nomcourt>bg</nomcourt>
			<nom_fr>Bulgarie</nom_fr>
			<parent>48</parent>
		</region>
		<region>
			<id>121</id>
			<nomcourt>ca</nomcourt>
			<nom_fr>Canada</nom_fr>
			<nom_de>Kanada</nom_de>
			<nom_en>Canada</nom_en>
			<nom_es>Canadá</nom_es>
			<nom_pt>Canadá</nom_pt>
			<parent>3257</parent>
		</region>
		<region>
			<id>3822</id>
			<nomcourt>cl</nomcourt>
			<nom_fr>Chili</nom_fr>
			<nom_de>Chile</nom_de>
			<nom_en>Chile</nom_en>
			<nom_es>Chile</nom_es>
			<nom_pt>Chile</nom_pt>
			<parent>3257</parent>
		</region>
		<region>
			<id>56</id>
			<nomcourt>cn</nomcourt>
			<nom_fr>Chine</nom_fr>
			<nom_de>China</nom_de>
			<nom_en>China</nom_en>
			<nom_es>China</nom_es>
			<nom_pt>China</nom_pt>
			<parent>114</parent>
		</region>
		<region>
			<id>3257</id>
			<nomcourt>ame</nomcourt>
			<nom_fr>Continent Américain</nom_fr>
			<nom_de>Amerikanischen Kontinent</nom_de>
			<nom_en>American continent</nom_en>
			<nom_es>Continente americano</nom_es>
			<nom_pt>Continente americano</nom_pt>
			<parent>0</parent>
		</region>
		<region>
			<id>58</id>
			<nomcourt>kr</nomcourt>
			<nom_fr>Corée</nom_fr>
			<nom_de>Korea</nom_de>
			<nom_en>Korea</nom_en>
			<nom_es>Corea</nom_es>
			<nom_pt>Coreia</nom_pt>
			<parent>114</parent>
		</region>
		<region>
			<id>3603</id>
			<nomcourt>cus</nomcourt>
			<nom_fr>Custom</nom_fr>
			<nom_de>Maßgeschneidert</nom_de>
			<nom_en>Custom</nom_en>
			<nom_es>Personalizado</nom_es>
			<nom_pt>Personalizadas</nom_pt>
			<parent>0</parent>
		</region>
		<region>
			<id>282</id>
			<nomcourt>dk</nomcourt>
			<nom_fr>Danemark</nom_fr>
			<nom_de>Dänemark</nom_de>
			<nom_en>Denmark</nom_en>
			<nom_es>Dinamarca</nom_es>
			<nom_pt>Dinamarca</nom_pt>
			<parent>48</parent>
		</region>
		<region>
			<id>122</id>
			<nomcourt>sp</nomcourt>
			<nom_fr>Espagne</nom_fr>
			<nom_de>Spanien</nom_de>
			<nom_en>Spain</nom_en>
			<nom_es>España</nom_es>
			<nom_pt>Espanha</nom_pt>
			<parent>48</parent>
		</region>
		<region>
			<id>48</id>
			<nomcourt>eu</nomcourt>
			<nom_fr>Europe</nom_fr>
			<nom_de>Europa</nom_de>
			<nom_en>Europe</nom_en>
			<nom_es>Europa</nom_es>
			<nom_pt>Europa</nom_pt>
			<parent>0</parent>
		</region>
		<region>
			<id>283</id>
			<nomcourt>fi</nomcourt>
			<nom_fr>Finlande</nom_fr>
			<nom_de>Finnland</nom_de>
			<nom_en>Finland</nom_en>
			<nom_es>Finlandia</nom_es>
			<nom_pt>Finlândia</nom_pt>
			<parent>48</parent>
		</region>
		<region>
			<id>45</id>
			<nomcourt>fr</nomcourt>
			<nom_fr>France</nom_fr>
			<nom_de>Frankreich</nom_de>
			<nom_en>France</nom_en>
			<nom_es>Francia</nom_es>
			<nom_pt>França</nom_pt>
			<parent>48</parent>
		</region>
		<region>
			<id>3892</id>
			<nomcourt>gr</nomcourt>
			<nom_fr>Grèce</nom_fr>
			<parent>48</parent>
		</region>
		<region>
			<id>3821</id>
			<nomcourt>hu</nomcourt>
			<nom_fr>Hongrie</nom_fr>
			<nom_de>Ungarn</nom_de>
			<nom_en>Hungary</nom_en>
			<nom_es>Hungría</nom_es>
			<nom_pt>Hungria</nom_pt>
			<parent>48</parent>
		</region>
		<region>
			<id>3827</id>
			<nomcourt>il</nomcourt>
			<nom_fr>Israel</nom_fr>
			<nom_de>Israel</nom_de>
			<nom_en>Israel</nom_en>
			<nom_es>Israel</nom_es>
			<nom_pt>Israel</nom_pt>
			<parent>3826</parent>
		</region>
		<region>
			<id>118</id>
			<nomcourt>it</nomcourt>
			<nom_fr>Italie</nom_fr>
			<nom_de>Italien</nom_de>
			<nom_en>Italy</nom_en>
			<nom_es>Italia</nom_es>
			<nom_pt>Itália</nom_pt>
			<parent>48</parent>
		</region>
		<region>
			<id>47</id>
			<nomcourt>jp</nomcourt>
			<nom_fr>Japon</nom_fr>
			<nom_de>Japan</nom_de>
			<nom_en>Japan</nom_en>
			<nom_es>Japón</nom_es>
			<nom_pt>Japão</nom_pt>
			<parent>114</parent>
		</region>
		<region>
			<id>3832</id>
			<nomcourt>kw</nomcourt>
			<nom_fr>Koweït</nom_fr>
			<parent>3826</parent>
		</region>
		<region>
			<id>57</id>
			<nomcourt>wor</nomcourt>
			<nom_fr>Monde</nom_fr>
			<nom_de>World</nom_de>
			<nom_en>World</nom_en>
			<nom_es>Mundo</nom_es>
			<nom_pt>Mundo</nom_pt>
			<parent>0</parent>
		</region>
		<region>
			<id>3826</id>
			<nomcourt>mor</nomcourt>
			<nom_fr>Moyen-Orient</nom_fr>
			<nom_de>Naher Osten</nom_de>
			<nom_en>Middle East</nom_en>
			<nom_es>Medio Oriente</nom_es>
			<nom_pt>Médio Oriente</nom_pt>
			<parent>0</parent>
		</region>
		<region>
			<id>3884</id>
			<nomcourt>no</nomcourt>
			<nom_fr>Norvège</nom_fr>
			<parent>48</parent>
		</region>
		<region>
			<id>3825</id>
			<nomcourt>nz</nomcourt>
			<nom_fr>Nouvelle-Zélande</nom_fr>
			<nom_de>Neuseeland</nom_de>
			<nom_en>New Zealand</nom_en>
			<nom_es>Nueva Zelanda</nom_es>
			<nom_pt>Nova Zelândia</nom_pt>
			<parent>3824</parent>
		</region>
		<region>
			<id>3824</id>
			<nomcourt>oce</nomcourt>
			<nom_fr>Océanie</nom_fr>
			<nom_de>Ozeanien</nom_de>
			<nom_en>Oceania</nom_en>
			<nom_es>Oceanía</nom_es>
			<nom_pt>Oceânia</nom_pt>
			<parent>0</parent>
		</region>
		<region>
			<id>130</id>
			<nomcourt>nl</nomcourt>
			<nom_fr>Pays-Bas</nom_fr>
			<nom_de>Niederlande</nom_de>
			<nom_en>Netherlands</nom_en>
			<nom_es>Holanda</nom_es>
			<nom_pt>Holanda</nom_pt>
			<parent>48</parent>
		</region>
		<region>
			<id>3828</id>
			<nomcourt>pe</nomcourt>
			<nom_fr>Pérou</nom_fr>
			<nom_de>Peru</nom_de>
			<nom_en>Peru</nom_en>
			<nom_es>Perú</nom_es>
			<nom_pt>Peru</nom_pt>
			<parent>3257</parent>
		</region>
		<region>
			<id>3595</id>
			<nomcourt>pl</nomcourt>
			<nom_fr>Pologne</nom_fr>
			<nom_de>Polen</nom_de>
			<nom_en>Poland</nom_en>
			<nom_es>Polonia</nom_es>
			<nom_pt>Polônia</nom_pt>
			<parent>48</parent>
		</region>
		<region>
			<id>3780</id>
			<nomcourt>pt</nomcourt>
			<nom_fr>Portugal</nom_fr>
			<nom_de>Portugal</nom_de>
			<nom_en>Portugal</nom_en>
			<nom_es>Portugal</nom_es>
			<nom_pt>Portugal</nom_pt>
			<parent>48</parent>
		</region>
		<region>
			<id>3820</id>
			<nomcourt>cz</nomcourt>
			<nom_fr>République Tchèque</nom_fr>
			<nom_de>Tschechien</nom_de>
			<nom_en>Czech republic</nom_en>
			<nom_es>República Checa</nom_es>
			<nom_pt>República Checa</nom_pt>
			<parent>48</parent>
		</region>
		<region>
			<id>3289</id>
			<nomcourt>uk</nomcourt>
			<nom_fr>Royaume-Uni</nom_fr>
			<nom_de>Großbritannien</nom_de>
			<nom_en>United Kingdom</nom_en>
			<nom_es>Reino Unido</nom_es>
			<nom_pt>Reino Unido</nom_pt>
			<parent>48</parent>
		</region>
		<region>
			<id>126</id>
			<nomcourt>ru</nomcourt>
			<nom_fr>Russie</nom_fr>
			<nom_de>Russland</nom_de>
			<nom_en>Russia</nom_en>
			<nom_es>Rusia</nom_es>
			<nom_pt>Rússia</nom_pt>
			<parent>0</parent>
		</region>
		<region>
			<id>3823</id>
			<nomcourt>sk</nomcourt>
			<nom_fr>Slovaquie</nom_fr>
			<nom_de>Slowakei</nom_de>
			<nom_en>Slovakia</nom_en>
			<nom_es>Eslovaquia</nom_es>
			<nom_pt>Eslováquia</nom_pt>
			<parent>48</parent>
		</region>
		<region>
			<id>116</id>
			<nomcourt>se</nomcourt>
			<nom_fr>Suede</nom_fr>
			<nom_de>Schweden</nom_de>
			<nom_en>Sweden</nom_en>
			<nom_es>Suecia</nom_es>
			<nom_pt>Suécia</nom_pt>
			<parent>48</parent>
		</region>
		<region>
			<id>112</id>
			<nomcourt>tw</nomcourt>
			<nom_fr>Taiwan</nom_fr>
			<nom_de>Taiwan</nom_de>
			<nom_en>Taiwan</nom_en>
			<nom_es>Taiwan</nom_es>
			<nom_pt>Taiwan</nom_pt>
			<parent>114</parent>
		</region>
		<region>
			<id>3829</id>
			<nomcourt>tr</nomcourt>
			<nom_fr>Turquie</nom_fr>
			<nom_de>Türkei</nom_de>
			<nom_en>Turkey</nom_en>
			<nom_es>Turquía</nom_es>
			<nom_pt>Turquia</nom_pt>
			<parent>3826</parent>
		</region>
		<region>
			<id>46</id>
			<nomcourt>us</nomcourt>
			<nom_fr>USA</nom_fr>
			<nom_de>USA</nom_de>
			<nom_en>USA</nom_en>
			<nom_es>EUA</nom_es>
			<nom_pt>EUA</nom_pt>
			<parent>3257</parent>
		</region>
	</regions>
</Data>
