<datapref>
	<langpref>de|en|wor</langpref>
	<countrypref>%COUNTRY%|de|eu|wor|ss|us|jp|cus</countrypref>
</datapref>

<error>
	<err_title>Fehler</err_title>
	<err_PathRom>ROM-Pfad nicht gefunden</err_PathRom>
	<err_FillRomList>Keine Datei gefunden</err_FillRomList>
	<err_autoconfPathRom>ROM-Pfad für Autokonfiguration nicht gefunden</err_autoconfPathRom>
	<err_UXSGlobal>In Universal XML Scraper ist ein Problem aufgetreten !</err_UXSGlobal>
	<err_Connection>(Problem beim Verbinden zur Datenbank)</err_Connection>
	<err_TimeOut>(Time Out)</err_TimeOut>
	<err_SystemList>(err_SystemList)</err_SystemList>
	<err_ScrapeEngine>(Fehler beim Start der Scrape Engine. Vielen Dank, dass Sie Ihr Antivirus überprüfen)</err_ScrapeEngine>
	<err_PlinkGlobal>SSH Befehl verursachte ein Problem</err_PlinkGlobal>
	<err_PlinkConnection>(Verbindung konnte nicht hergestellt werden)</err_PlinkConnection>
	<err_NotRegistered>Entschuldigung, dein Account konnte nicht gefunden werden (bitte überprüfe deine Logindaten)</err_NotRegistered>
</error>

<message>
	<mess_autoconf>Autokonfiguration wird durchgeführt</mess_autoconf>
	<mess_autoconf_ask_Title>Autokonfiguration</mess_autoconf_ask_Title>
	<mess_autoconf_ask_Question>Möchtest du die Autokonfiguration benutzen ?</mess_autoconf_ask_Question>
	<mess_ssh_killall>Bist du dir sicher, dass du Emulationstation beenden willst ?</mess_ssh_killall>
	<mess_ssh_start>Bist du dir sicher, dass du Emulationstation starten willst ?</mess_ssh_start>
	<mess_ssh_reboot>Bist du dir sicher dass du das System neustarten willst ?</mess_ssh_reboot>
	<mess_ssh_poweroff>Bist du dir sicher, dass du das System ausschalten willst ?</mess_ssh_poweroff>
	<mess_update_Title>Update nötig</mess_update_Title>
	<mess_update_Question>Aktualisierung</mess_update_Question>
	<mess_ssregister_title>Erfolgreich eingeloggt</mess_ssregister_title>
	<mess_ssregister_OK>Durch deinen Account erhälst du ein Maximum </mess_ssregister_OK>
	<mess_ssregister_GodMode>Du bist : ein Gott, ein Halbgott (oder zumindest ein 2/3 Gott) oder Chuck Norris. Sei vorsichtig !!!</mess_ssregister_GodMode>
</message>

<gui>
	<main_gui>Universal XML Scraper V2</main_gui>
	<menu>
		<mnu_file>Datei</mnu_file>
		<mnu_file_exit>Beenden</mnu_file_exit>
		
		<mnu_cfg>Einstellungen</mnu_cfg>
		<mnu_cfg_Wizard>Starten Sie den Assistenten</mnu_cfg_Wizard>
		<mnu_cfg_config_LU>Dateipfade</mnu_cfg_config_LU>
		<mnu_cfg_config_MISC>Allgemein</mnu_cfg_config_MISC>
		<mnu_cfg_config_Option>Optionen</mnu_cfg_config_Option>
		<mnu_cfg_config_PIC>Bilder</mnu_cfg_config_PIC>
		<mnu_cfg_config_autoconf>Autokonfiguration</mnu_cfg_config_autoconf>
		<mnu_cfg_profil>Profil wechseln</mnu_cfg_profil>
		<mnu_cfg_miximage>Mix-Image Profil wechseln</mnu_cfg_miximage>
		<mnu_cfg_download_miximage>Mix-Image Herunterladen</mnu_cfg_download_miximage>
		<mnu_cfg_langue>Sprache wechseln</mnu_cfg_langue>
		
		<mnu_scrape>Scrape</mnu_scrape>
		<mnu_scrape_autoconf>System wählen (Autokonf.)</mnu_scrape_autoconf>
		<mnu_scrape_solo>Scrape </mnu_scrape_solo>
		<mnu_scrape_fullscrape>Scrape alle Systeme</mnu_scrape_fullscrape>
		
		<mnu_ssh>SSH Befehle</mnu_ssh>
		<mnu_ssh_Parameter>SSH-Parameter</mnu_ssh_Parameter>
		<mnu_ssh_killall>Emulationstation beenden</mnu_ssh_killall>
		<mnu_ssh_start>Emulationstation starten</mnu_ssh_start>
		<mnu_ssh_reboot>System neustarten</mnu_ssh_reboot>
		<mnu_ssh_poweroff>System ausschalten</mnu_ssh_poweroff>
		
		<mnu_help>Hilfe</mnu_help>
		<mnu_help_wiki>Help (wiki)</mnu_help_wiki>
		<mnu_help_support>Help us</mnu_help_support>
		<mnu_help_link>Links</mnu_help_link>
		<mnu_help_about>Über</mnu_help_about>
	</menu>
	<windows>
		<scrap_button>Scrape!</scrap_button>
		<scrap_cancel_button>Abbrechen</scrap_cancel_button>
		<win_sel_langue>
			<win_sel_langue_Title>Sprache wählen</win_sel_langue_Title>
			<win_sel_langue_text>Sprache wählen</win_sel_langue_text>
			<win_sel_langue_button>Auswählen</win_sel_langue_button>
		</win_sel_langue>
		<win_sel_profil>
			<win_sel_profil_Title>Profil wählen</win_sel_profil_Title>
			<win_sel_profil_text>Profil wählen</win_sel_profil_text>
			<win_sel_profil_button>Auswählen</win_sel_profil_button>
		</win_sel_profil>
		<win_sel_system>
			<win_sel_system_Title>System wählen</win_sel_system_Title>
			<win_sel_system_text>System wählen</win_sel_system_text>
			<win_sel_system_button>Auswählen</win_sel_system_button>
		</win_sel_system>
		<win_config>
			<win_config_LU_Title>Dateipfade</win_config_LU_Title>
			<win_config_LU_GroupScrap>Scraper</win_config_LU_GroupScrap>
			<win_config_LU_GroupScrap_Source_RootPath>ROM-Pfad zum Scrapen</win_config_LU_GroupScrap_Source_RootPath>
			<win_config_LU_GroupScrap_Source_RomPath>ROM-Pfad zum Scrapen</win_config_LU_GroupScrap_Source_RomPath>
			<win_config_LU_GroupScrap_Target_XMLName>XML Dateipfad</win_config_LU_GroupScrap_Target_XMLName>
			<win_config_LU_GroupScrap_Target_RomPath>ROM-Pfad in der XML-Datei</win_config_LU_GroupScrap_Target_RomPath>
			<win_config_LU_GroupImage>Bilder</win_config_LU_GroupImage>
			<win_config_LU_GroupImage_Source_ImagePath>Pfad für heruntergeladene Bilder</win_config_LU_GroupImage_Source_ImagePath>
			<win_config_LU_GroupImage_Target_ImagePath>Bilder-Pfad in der XML-Datei</win_config_LU_GroupImage_Target_ImagePath>
			
			<win_config_PIC_Title>Bilder</win_config_PIC_Title>
			<win_config_PIC_GroupPICParam>Bild-Eigenschaften</win_config_PIC_GroupPICParam>
			<win_config_PIC_GroupPICParam_PicSize>Bildgröße</win_config_PIC_GroupPICParam_PicSize>
			<win_config_PIC_GroupPICParam_PicExt>Dateityp</win_config_PIC_GroupPICParam_PicExt>
			
			<win_config_Option_Title>Optionen</win_config_Option_Title>
			<win_config_Option_GroupOption>Option die geändert werden soll</win_config_Option_GroupOption>
			<win_config_Option_GroupOption_Choice>Auswahl</win_config_Option_GroupOption_Choice>
			<win_config_Option_GroupParam>Parameter die geändert werden sollen</win_config_Option_GroupParam>
			
			<win_config_MISC_Title>Allgemein</win_config_MISC_Title>
			<win_config_MISC_GroupMISC>Sonstiges</win_config_MISC_GroupMISC>
			<win_config_MISC_GroupMISC_CountryPref>Regions-Priorität</win_config_MISC_GroupMISC_CountryPref>
			<win_config_MISC_GroupMISC_LangPref>Sprach-Priorität</win_config_MISC_GroupMISC_LangPref>
			<win_config_MISC_GroupMISC_ScrapeMode>Scrape-Modus</win_config_MISC_GroupMISC_ScrapeMode>
			<win_config_MISC_GroupMISC_ScrapeModeChoice>0 - Neue XML-Datei|1 - XML-Datei aktualisieren (Roms hinzufügen)|2 - Nur Bild erstellen</win_config_MISC_GroupMISC_ScrapeModeChoice>
			<win_config_MISC_GroupMISC_ScrapeSearchMode>Forschungsmodus</win_config_MISC_GroupMISC_ScrapeSearchMode>
			<win_config_MISC_GroupMISC_ScrapeSearchModeChoice>0 - CRC+FileName|1 - CRC|2 - FileName</win_config_MISC_GroupMISC_ScrapeSearchModeChoice>
			<win_config_MISC_GroupMISC_CountryPicMode>Bild-Auswahl</win_config_MISC_GroupMISC_CountryPicMode>
			<win_config_MISC_GroupMISC_CountryPicModeChoice>0 - nach Sprache|1 - nach Rom|2 - nach Sprache - strikt|3 - nach Rom - strikt</win_config_MISC_GroupMISC_CountryPicModeChoice>
			<win_config_MISC_GroupMISC_Verbose>Log-Modus</win_config_MISC_GroupMISC_Verbose>
			<win_config_MISC_GroupMISC_VerboseChoice>0 - standard|1 - erweitert|2 - komplett</win_config_MISC_GroupMISC_VerboseChoice>
			<win_config_MISC_GroupMISC_MissingMode>Fehlende Roms in XML-Datei hinzufügen</win_config_MISC_GroupMISC_MissingMode>
			<win_config_MISC_GroupMISC_RechSys>automatische Systemauswahl</win_config_MISC_GroupMISC_RechSys>
			<win_config_MISC_GroupMISC_Mirror>Use DigiMirror</win_config_MISC_GroupMISC_Mirror>
			<win_config_MISC_GroupScreenScraper>Screenscraper.fr</win_config_MISC_GroupScreenScraper>
			<win_config_MISC_GroupScreenScraper_Login>Screenscraper.fr Login</win_config_MISC_GroupScreenScraper_Login>
			<win_config_MISC_GroupScreenScraper_Password>Screenscraper.fr Passwort</win_config_MISC_GroupScreenScraper_Password>
			<win_config_MISC_GroupScreenScraper_NbThread>Thread Anzahl</win_config_MISC_GroupScreenScraper_NbThread>
			<win_config_MISC_GroupScreenScraper_Check>überprüfen</win_config_MISC_GroupScreenScraper_Check>
			<win_config_MISC_GroupScreenScraper_SSRegister>auf Screenscraper.fr registrieren</win_config_MISC_GroupScreenScraper_SSRegister>
			<win_config_MISC_GroupRechFiles>gescrapte Dateien</win_config_MISC_GroupRechFiles>
			<win_config_MISC_GroupRechFiles_Include>inbegriffene Dateien</win_config_MISC_GroupRechFiles_Include>
			<win_config_MISC_GroupRechFiles_Exclude>ausgeschlossene Dateien</win_config_MISC_GroupRechFiles_Exclude>
			<win_config_MISC_GroupRechFiles_ExcludeFolder>ausgeschlossene Ordner</win_config_MISC_GroupRechFiles_ExcludeFolder>
			
			<win_config_autoconf_Title>Autokonfiguration Dateipfade</win_config_autoconf_Title>
			<win_config_autoconf_Use>Autokonfiguration benutzen</win_config_autoconf_Use>
			<win_config_autoconf_GroupScrap>Scraper</win_config_autoconf_GroupScrap>
			<win_config_autoconf_GroupScrap_Source_RootPath>Systempfad</win_config_autoconf_GroupScrap_Source_RootPath>
			<win_config_autoconf_GroupScrap_Target_XMLName>XML Dateiname</win_config_autoconf_GroupScrap_Target_XMLName>
			<win_config_autoconf_GroupScrap_Target_RomPath>ROM-Pfad in der XML-Datei</win_config_autoconf_GroupScrap_Target_RomPath>
			<win_config_autoconf_GroupImage>Bilder</win_config_autoconf_GroupImage>
			<win_config_autoconf_GroupImage_Source_ImagePath>Ordner-Name, in den die Bilder heruntergeladen werden</win_config_autoconf_GroupImage_Source_ImagePath>
			<win_config_autoconf_GroupImage_Target_ImagePath>Bilder-Pfad in der XML-Datei</win_config_autoconf_GroupImage_Target_ImagePath>

			<win_config_Enreg>Speichern</win_config_Enreg>
			<win_config_Cancel>Abbrechen</win_config_Cancel>
			<win_config_Advanced>Erweitert</win_config_Advanced>
		</win_config>
		<win_config_mix>
			<win_config_mix_Title>Mix-Image Konfiguration</win_config_mix_Title>
			<win_config_mix_empty>Leeres Beispiel</win_config_mix_empty>
			<win_config_mix_exemple>Beispiel</win_config_mix_exemple>
			<win_config_mix_Enreg>Speichern</win_config_mix_Enreg>
			<win_config_mix_Cancel>Abbrechen</win_config_mix_Cancel>
		</win_config_mix>
		<win_config_mix_Download>
			<win_config_mix_Download_Title>Mix-Image Herunterladen</win_config_mix_Download_Title>
			<win_config_mix_Download_empty>Leeres Beispiel</win_config_mix_Download_empty>
			<win_config_mix_Download_exemple>Beispiel</win_config_mix_Download_exemple>
			<win_config_mix_Download_Download>Herunterladen</win_config_mix_Download_Download>
			<win_config_mix_Download_Exit>Ausschalten</win_config_mix_Download_Exit>
		</win_config_mix_Download>
		<win_About>
			<win_About_Title>Über</win_About_Title>
			<win_About_By>Autor : Screech</win_About_By>
			<win_About_Thanks>Dankeschön an :</win_About_Thanks>
		</win_About>
		<win_Results>
			<win_Results_Title>Scrape-Ergebnisse</win_Results_Title>
			<win_Results_Text>Scrapen beendet</win_Results_Text>
			<win_Results_FilesFound>Dateien gefunden : </win_Results_FilesFound>
			<win_Results_RomsFound>Roms gefunden : </win_Results_RomsFound>
			<win_Results_PercentFound>Gefundene Roms in Prozent : </win_Results_PercentFound>
			<win_Results_MoyTime>Durchschnittszeit für ein Rom : </win_Results_MoyTime>
			<win_Results_FullTime>Gesamte Zeit : </win_Results_FullTime>
			<win_Results_NbThread>Thread(s) benutzt : </win_Results_NbThread>
		</win_Results>

; TRANSLATION NEEDED

		<Win_Wizard>
			<win_Wizard_Next>Next</win_Wizard_Next>
			<win_Wizard_Back>Back</win_Wizard_Back>
			<Win_Wizard_OS>
				<Win_Wizard_OS_Group>Your OS</Win_Wizard_OS_Group>
				<Win_Wizard_OS_Libelle>Select your operating system</Win_Wizard_OS_Libelle>
				<Win_Wizard_OS_Tip_Recalbox>Recalbox</Win_Wizard_OS_Tip_Recalbox>
				<Win_Wizard_OS_Tip_Retropie>Retropie</Win_Wizard_OS_Tip_Retropie>
			</Win_Wizard_OS>
			<Win_Wizard_MediaChoice>
				<Win_Wizard_MediaChoice_Group>Visual choice</Win_Wizard_MediaChoice_Group>
				<Win_Wizard_MediaChoice_Libelle>Select your visual</Win_Wizard_MediaChoice_Libelle>
				<Win_Wizard_MediaChoice_Tip_Simple>A simple media</Win_Wizard_MediaChoice_Tip_Simple>
				<Win_Wizard_MediaChoice_Tip_Mix>A several media MIX </Win_Wizard_MediaChoice_Tip_Mix>
			</Win_Wizard_MediaChoice>
			<Win_Wizard_MediaSimpleChoice>
				<Win_Wizard_MediaSimpleChoice_Group>Default visual choice</Win_Wizard_MediaSimpleChoice_Group>
				<Win_Wizard_MediaSimpleChoice_Libelle>Select your default visual</Win_Wizard_MediaSimpleChoice_Libelle>
				<Win_Wizard_MediaSimpleChoice_Tip_SS>A Screenshot</Win_Wizard_MediaSimpleChoice_Tip_SS>
				<Win_Wizard_MediaSimpleChoice_Tip_Wheel>A wheel</Win_Wizard_MediaSimpleChoice_Tip_Wheel>
				<Win_Wizard_MediaSimpleChoice_Tip_2DBox>A 2D Cover</Win_Wizard_MediaSimpleChoice_Tip_2DBox>
				<Win_Wizard_MediaSimpleChoice_Tip_3DBox>A 3D Cover</Win_Wizard_MediaSimpleChoice_Tip_3DBox>
			</Win_Wizard_MediaSimpleChoice>
			<Win_Wizard_MediaSimpleAltChoice>
				<Win_Wizard_MediaSimpleAltChoice_Group>Alt visual choice</Win_Wizard_MediaSimpleAltChoice_Group>
				<Win_Wizard_MediaSimpleAltChoice_Libelle>Select your alt visual@CRLF(If the default one don't exist)</Win_Wizard_MediaSimpleAltChoice_Libelle>
				<Win_Wizard_MediaSimpleAltChoice_Tip_SS>A Screenshot</Win_Wizard_MediaSimpleAltChoice_Tip_SS>
				<Win_Wizard_MediaSimpleAltChoice_Tip_Wheel>A wheel</Win_Wizard_MediaSimpleAltChoice_Tip_Wheel>
				<Win_Wizard_MediaSimpleAltChoice_Tip_2DBox>A 2D Cover</Win_Wizard_MediaSimpleAltChoice_Tip_2DBox>
				<Win_Wizard_MediaSimpleAltChoice_Tip_3DBox>A 3D Cover</Win_Wizard_MediaSimpleAltChoice_Tip_3DBox>
			</Win_Wizard_MediaSimpleAltChoice>
			<Win_Wizard_RomChoice>
				<Win_Wizard_RomChoice_Group>Rom folder choice</Win_Wizard_RomChoice_Group>
				<Win_Wizard_RomChoice_Libelle>Where are your roms</Win_Wizard_RomChoice_Libelle>
				<Win_Wizard_RomChoice_Tip_RPI>On your RaspberryPi</Win_Wizard_RomChoice_Tip_RPI>
				<Win_Wizard_RomChoice_Tip_Local>Localy (external hard drive, USB Key,...)</Win_Wizard_RomChoice_Tip_Local>
				<Win_Wizard_RomChoice_Browse>Specify the root path of your roms directories</Win_Wizard_RomChoice_Browse>
				<Win_Wizard_RomChoice_Browse_Warning_Title>WARNING</Win_Wizard_RomChoice_Browse_Warning_Title>
				<Win_Wizard_RomChoice_Browse_Warning_Label>The folder you choose seem to have no rom folder.@CRLFDo you want to continue ?</Win_Wizard_RomChoice_Browse_Warning_Label>
			</Win_Wizard_RomChoice>
			<Win_Wizard_SSChoice>
				<Win_Wizard_SSChoice_Group>ScreenScraper</Win_Wizard_SSChoice_Group>
				<Win_Wizard_SSChoice_Libelle>Are you registered on ScreenScraper ?</Win_Wizard_SSChoice_Libelle>
				<Win_Wizard_SSChoice_Tip_Yes>Yes</Win_Wizard_SSChoice_Tip_Yes>
				<Win_Wizard_SSChoice_Tip_No>No</Win_Wizard_SSChoice_Tip_No>
			</Win_Wizard_SSChoice>
			<Win_Wizard_SSIdChoice>
				<Win_Wizard_SSIdChoice_Group>ScreenScraper</Win_Wizard_SSIdChoice_Group>
				<Win_Wizard_SSIdChoice_Id>Your Id :</Win_Wizard_SSIdChoice_Id>
				<Win_Wizard_SSIdChoice_Tip_Id>Your ScreenScraper identification</Win_Wizard_SSIdChoice_Tip_Id>
				<Win_Wizard_SSIdChoice_Pwd>Your Pwd :</Win_Wizard_SSIdChoice_Pwd>
				<Win_Wizard_SSIdChoice_Tip_Pwd>Your ScreenScraper Password</Win_Wizard_SSIdChoice_Tip_Pwd>
				<Win_Wizard_SSIdChoice_Test>Check your Id</Win_Wizard_SSIdChoice_Test>
				<Win_Wizard_SSIdChoice_Tip_Test>Check your connexion to the website with your Id</Win_Wizard_SSIdChoice_Tip_Test>
			</Win_Wizard_SSIdChoice>
			<Win_Wizard_ScrapeChoice>
				<Win_Wizard_ScrapeChoice_Group>Scrape</Win_Wizard_ScrapeChoice_Group>
				<Win_Wizard_ScrapeChoice_Libelle>Do you wan't to scrape ?</Win_Wizard_ScrapeChoice_Libelle>
				<Win_Wizard_ScrapeChoice_Tip_Yes>Yes</Win_Wizard_ScrapeChoice_Tip_Yes>
				<Win_Wizard_ScrapeChoice_Tip_No>No - Back to the interface</Win_Wizard_ScrapeChoice_Tip_No>
			</Win_Wizard_ScrapeChoice>
		</Win_Wizard>
	</windows>
</gui>

<Options>
	<Option_Group_Media>Visual</Option_Group_Media>
	<Option_Group_Name>Name</Option_Group_Name>
	<Option_Group_Case>Case</Option_Group_Case>

	<Option_Name_MediaType>Visuel type</Option_Name_MediaType>
	<Option_Name_DefaultPicture>Default visual</Option_Name_DefaultPicture>
	<Option_Name_AlternativePicture>Alt visual</Option_Name_AlternativePicture>
	<Option_Name_Marquee>Marquee</Option_Name_Marquee>
	<Option_Name_Video>Video</Option_Name_Video>
	<Option_Name_NameFormat>Name format</Option_Name_NameFormat>
	<Option_Name_Country>Country</Option_Name_Country>
	<Option_Name_Clone>Clone</Option_Name_Clone>
	<Option_Name_Beta>Beta</Option_Name_Beta>
	<Option_Name_Demo>Demo</Option_Name_Demo>
	<Option_Name_Proto>Prototype</Option_Name_Proto>
	<Option_Name_Trad>Translation</Option_Name_Trad>
	<Option_Name_Hack>Hack</Option_Name_Hack>
	<Option_Name_Unl>Unlicensed</Option_Name_Unl>
	<Option_Name_Alt>Alternatif</Option_Name_Alt>
	<Option_Name_Best>Best</Option_Name_Best>
	<Option_Name_NameCase>Name case</Option_Name_NameCase>
	<Option_Name_DescriptionCase>Description Case</Option_Name_DescriptionCase>
	<Option_Name_DeveloperCase>Developer Case</Option_Name_DeveloperCase>
	<Option_Name_PublisherCase>Publisher Case</Option_Name_PublisherCase>
	<Option_Name_GenreCase>Genre Case</Option_Name_GenreCase>

	<Option_Value_SimpleMedia>Simple visual</Option_Value_SimpleMedia>
	<Option_Value_MixMedia>MIX visual</Option_Value_MixMedia>
	<Option_Value_Nothing>Nothing</Option_Value_Nothing>
	<Option_Value_Marquee>Marquee</Option_Value_Marquee>
	<Option_Value_Screenshot>Screenshot</Option_Value_Screenshot>
	<Option_Value_Box2D>2D Cover</Option_Value_Box2D>
	<Option_Value_Box3D>3D Cover</Option_Value_Box3D>
	<Option_Value_BoxTexture>Texture Cover</Option_Value_BoxTexture>
	<Option_Value_Support2D>2D Support</Option_Value_Support2D>
	<Option_Value_SupportTexture>Texture support</Option_Value_SupportTexture>
	<Option_Value_Fanart>Fanart</Option_Value_Fanart>
	<Option_Value_Wheels>Wheel</Option_Value_Wheels>
	<Option_Value_WheelsCarbon>Wheel carbon</Option_Value_WheelsCarbon>
	<Option_Value_WheelsSteel>Wheel steel</Option_Value_WheelsSteel>
	<Option_Value_Standard>Game name</Option_Value_Standard>
	<Option_Value_GamenameOption>Game name + Options</Option_Value_GamenameOption>
	<Option_Value_GamenameFilneameBracket>Game name + filename tag</Option_Value_GamenameFilneameBracket>
	<Option_Value_Filename>Filename (without ext)</Option_Value_Filename>
	<Option_Value_Yes>Yes</Option_Value_Yes>
	<Option_Value_YesWithoutWord>Yes without (World)</Option_Value_YesWithoutWord>
	<Option_Value_No>No</Option_Value_No>
	<Option_Value_Default>Default</Option_Value_Default>
	<Option_Value_UpperCase>UPPERCASE</Option_Value_UpperCase>
	<Option_Value_LowerCase>lowercase</Option_Value_LowerCase>
</Options>

<mess_ssh_killallForced>UXS will kill EmulationStation to scrape.</mess_ssh_killallForced>
<win_config_MISC_GroupMISC_ScrapeZip>UnZip files</win_config_MISC_GroupMISC_ScrapeZip>
<mess_continue>Do you want to continue ?</mess_continue>
<mess_Yes>Yes</mess_Yes>
<mess_No>No</mess_No>
<mess_filefound_Title>Temporary Files Found</mess_filefound_Title>
<mess_filefound>Some temporary file where found, do you want to generate an xml file ?</mess_filefound>
<mess_filefound_Path>Where do you want to store the XML File ?</mess_filefound_Path>
<mnu_cfg_config_reset_autoconf>Reset default autoconfiguration Path</mnu_cfg_config_reset_autoconf>
<mnu_cfg_config_alt_autoconf>Use alt autoconfiguration Path</mnu_cfg_config_alt_autoconf>
