<datapref>
	<langpref>fr|en|wor</langpref>
	<countrypref>%COUNTRY%|fr|eu|wor|ss|us|jp|cus</countrypref>
</datapref>

<error>
	<err_title>Erreur</err_title>
	<err_PathRom>Le chemin des ROMs n'est pas accessible</err_PathRom>
	<err_FillRomList>Aucun fichier trouvé</err_FillRomList>
	<err_autoconfPathRom>Le chemin des ROMs pour la configuration automatique n'est pas accessible</err_autoconfPathRom>
	<err_UXSGlobal>Universal XML Scraper a rencontré un problème !</err_UXSGlobal>
	<err_Connection>(Problème de connexion à la BDD)</err_Connection>
	<err_TimeOut>(Time Out)</err_TimeOut>
	<err_SystemList>(err_SystemList)</err_SystemList>
	<err_ScrapeEngine>(Impossible de lancer les moteurs de scrape. Merci de verifier votre Antivirus)</err_ScrapeEngine>
	<err_PlinkGlobal>La commande SSH a rencontré un problème</err_PlinkGlobal>
	<err_PlinkConnection>(Impossible d'établir la connexion)</err_PlinkConnection>
	<err_NotRegistered>Désolé, votre compte n'a pas été trouvé (vérifiez votre login et mot de passe)</err_NotRegistered>
</error>

<message>
	<mess_autoconf>Préparation configuration Automatique en cours</mess_autoconf>
	<mess_autoconf_ask_Title>Configuration Automatique</mess_autoconf_ask_Title>
	<mess_autoconf_ask_Question>Souhaitez-vous activer la configuration automatique ?</mess_autoconf_ask_Question>
	<mess_ssh_killall>Etes-vous sur de vouloir arrêter EmulationStation ?</mess_ssh_killall>
	<mess_ssh_killallForced>UXS va arrêter EmulationStation pour lancer le scrape.</mess_ssh_killallForced>
	<mess_ssh_start>Etes-vous sur de vouloir démarrer EmulationStation ?</mess_ssh_start>
	<mess_ssh_reboot>Etes-vous sur de vouloir Rebooter la machine distante ?</mess_ssh_reboot>
	<mess_ssh_poweroff>Etes-vous sur de vouloir arrêter la machine distante ?</mess_ssh_poweroff>
	<mess_update_Title>Mise à jour disponible</mess_update_Title>
	<mess_update_Question>Mettre à jour</mess_update_Question>
	<mess_ssregister_title>Compte reconnu</mess_ssregister_title>
	<mess_ssregister_OK>Votre compte vous donne droit à un maximum de </mess_ssregister_OK>
	<mess_ssregister_GodMode>Vous êtes : ou un dieu, ou un demi dieu (voir un 2/3 de dieu), ou Chuck Norris. Attention à pas tout casser !!!</mess_ssregister_GodMode>
	<mess_continue>Etes vous sur de continuer ?</mess_continue>
	<mess_Yes>Oui</mess_Yes>
	<mess_No>Non</mess_No>
	<mess_filefound_Title>Fichiers temporaires trouvés</mess_filefound_Title>
	<mess_filefound>Des fichiers temporaires viennent d'etre trouvés, voulez vous generer un fichier XML ?</mess_filefound>
	<mess_filefound_Path>Ou voulez vous enregistrer le fichier ?</mess_filefound_Path>
</message>

<gui>
	<main_gui>Universal XML Scraper V2</main_gui>
	<menu>
		<mnu_file>Fichier</mnu_file>
		<mnu_file_exit>Quitter</mnu_file_exit>
		
		<mnu_cfg>Configuration</mnu_cfg>
		<mnu_cfg_Wizard>Utiliser le wizard</mnu_cfg_Wizard>
		<mnu_cfg_config_LU>Configuration des chemins</mnu_cfg_config_LU>
		<mnu_cfg_config_MISC>Configuration générale</mnu_cfg_config_MISC>
		<mnu_cfg_config_Option>Options</mnu_cfg_config_Option>
		<mnu_cfg_config_PIC>Configuration des images</mnu_cfg_config_PIC>
		<mnu_cfg_config_autoconf>Configuration des chemins de la configuration automatique</mnu_cfg_config_autoconf>
		<mnu_cfg_config_reset_autoconf>Réinitialiser les chemins de la configuration automatique</mnu_cfg_config_reset_autoconf>
		<mnu_cfg_config_alt_autoconf>Utiliser les chemins alternatifs de la configuration automatique</mnu_cfg_config_alt_autoconf>
		<mnu_cfg_profil>Charger un profil</mnu_cfg_profil>
		<mnu_cfg_miximage>Changer le profil Mix Images</mnu_cfg_miximage>
		<mnu_cfg_download_miximage>Telecharger des profil Mix Images</mnu_cfg_download_miximage>
		<mnu_cfg_langue>Changer de langue</mnu_cfg_langue>
		
		<mnu_scrape>Scraper</mnu_scrape>
		<mnu_scrape_autoconf>Sélection du système (Conf Auto)</mnu_scrape_autoconf>
		<mnu_scrape_solo>Scraper </mnu_scrape_solo>
		<mnu_scrape_fullscrape>Scraper tous les systèmes</mnu_scrape_fullscrape>
		
		<mnu_ssh>Commande SSH</mnu_ssh>
		<mnu_ssh_Parameter>Paramètres SSH</mnu_ssh_Parameter>
		<mnu_ssh_killall>Arrêter Emulationstation</mnu_ssh_killall>
		<mnu_ssh_start>Démarrer Emulationstation</mnu_ssh_start>
		<mnu_ssh_reboot>Redémarrer Distant</mnu_ssh_reboot>
		<mnu_ssh_poweroff>Eteindre Distant</mnu_ssh_poweroff>
		
		<mnu_help>Aide</mnu_help>
		<mnu_help_wiki>Aide (Wiki)</mnu_help_wiki>
		<mnu_help_support>Aidez nous</mnu_help_support>
		<mnu_help_link>Liens</mnu_help_link>
		<mnu_help_about>A propos</mnu_help_about>
	</menu>
	<windows>
		<scrap_button>Scraper</scrap_button>
		<scrap_cancel_button>Annuler</scrap_cancel_button>
		<win_sel_langue>
			<win_sel_langue_Title>Sélectionner une langue</win_sel_langue_Title>
			<win_sel_langue_text>Merci de sélectionner une langue</win_sel_langue_text>
			<win_sel_langue_button>Sélectionner</win_sel_langue_button>
		</win_sel_langue>
		<win_sel_profil>
			<win_sel_profil_Title>Sélectionner un profil</win_sel_profil_Title>
			<win_sel_profil_text>Merci de sélectionner un profil</win_sel_profil_text>
			<win_sel_profil_button>Sélectionner</win_sel_profil_button>
		</win_sel_profil>
		<win_sel_system>
			<win_sel_system_Title>Sélectionner un système</win_sel_system_Title>
			<win_sel_system_text>Merci de sélectionner un système</win_sel_system_text>
			<win_sel_system_button>Sélectionner</win_sel_system_button>
		</win_sel_system>
		<win_config>
			<win_config_LU_Title>Configuration des Chemins</win_config_LU_Title>
			<win_config_LU_GroupScrap>Scraper</win_config_LU_GroupScrap>
			<win_config_LU_GroupScrap_Source_RootPath>Chemin d'origine des roms</win_config_LU_GroupScrap_Source_RootPath>
			<win_config_LU_GroupScrap_Source_RomPath>Répertoire des roms à scrapper</win_config_LU_GroupScrap_Source_RomPath>
			<win_config_LU_GroupScrap_Target_XMLName>Chemin du fichier XML</win_config_LU_GroupScrap_Target_XMLName>
			<win_config_LU_GroupScrap_Target_RomPath>Chemin des roms dans le fichier XML</win_config_LU_GroupScrap_Target_RomPath>
			<win_config_LU_GroupImage>Images</win_config_LU_GroupImage>
			<win_config_LU_GroupImage_Source_ImagePath>Répertoire des images à télécharger</win_config_LU_GroupImage_Source_ImagePath>
			<win_config_LU_GroupImage_Target_ImagePath>Chemin des images dans le fichier XML</win_config_LU_GroupImage_Target_ImagePath>
			
			<win_config_PIC_Title>Configuration des images</win_config_PIC_Title>
			<win_config_PIC_GroupPICParam>Paramètre de l'Image</win_config_PIC_GroupPICParam>
			<win_config_PIC_GroupPICParam_PicSize>Taille de l'image générée</win_config_PIC_GroupPICParam_PicSize>
			<win_config_PIC_GroupPICParam_PicExt>Extension de l'image</win_config_PIC_GroupPICParam_PicExt>
			
			<win_config_Option_Title>Configuration des options</win_config_Option_Title>
			<win_config_Option_GroupOption>Item à changer</win_config_Option_GroupOption>
			<win_config_Option_GroupOption_Choice>Choix de l'item</win_config_Option_GroupOption_Choice>
			<win_config_Option_GroupParam>Paramètre à changer</win_config_Option_GroupParam>
			
			<win_config_MISC_Title>Configuration Générale</win_config_MISC_Title>
			<win_config_MISC_GroupMISC>Divers</win_config_MISC_GroupMISC>
			<win_config_MISC_GroupMISC_CountryPref>Préférence de région</win_config_MISC_GroupMISC_CountryPref>
			<win_config_MISC_GroupMISC_LangPref>Préférence de langue</win_config_MISC_GroupMISC_LangPref>
			<Win_config_MISC_GroupMISC_ScrapeMode>Mode de Scrape</win_config_MISC_GroupMISC_ScrapeMode>
			<win_config_MISC_GroupMISC_ScrapeModeChoice>0 - Nouveau Fichier XML|1 - Mise à jour (Ajout de nouvelle Rom)|2 - Uniquement les images</win_config_MISC_GroupMISC_ScrapeModeChoice>
			<win_config_MISC_GroupMISC_ScrapeSearchMode>Mode recherche</win_config_MISC_GroupMISC_ScrapeSearchMode>
			<win_config_MISC_GroupMISC_ScrapeSearchModeChoice>0 - CRC+FileName|1 - CRC|2 - FileName</win_config_MISC_GroupMISC_ScrapeSearchModeChoice>
			<win_config_MISC_GroupMISC_CountryPicMode>Mode de gestion des images</win_config_MISC_GroupMISC_CountryPicMode>
			<win_config_MISC_GroupMISC_CountryPicModeChoice>0 - Par langue|1 - Par region|2 - Par langue strict|3 - Par région strict</win_config_MISC_GroupMISC_CountryPicModeChoice>
			<win_config_MISC_GroupMISC_Verbose>Niveau de Log</win_config_MISC_GroupMISC_Verbose>
			<win_config_MISC_GroupMISC_VerboseChoice>0 - Standard|1 - Avancé|2 - Complet</win_config_MISC_GroupMISC_VerboseChoice>
			<win_config_MISC_GroupMISC_MissingMode>Ajout des roms manquantes</win_config_MISC_GroupMISC_MissingMode>
			<win_config_MISC_GroupMISC_RechSys>Recherche automatique de Systeme</win_config_MISC_GroupMISC_RechSys>
			<win_config_MISC_GroupMISC_Mirror>Utiliser le DigiMirror</win_config_MISC_GroupMISC_Mirror>
			<win_config_MISC_GroupMISC_ScrapeZip>Décompresser les Zip</win_config_MISC_GroupMISC_ScrapeZip>
			<win_config_MISC_GroupScreenScraper>Screenscraper</win_config_MISC_GroupScreenScraper>
			<win_config_MISC_GroupScreenScraper_Login>Identifiant Screenscraper</win_config_MISC_GroupScreenScraper_Login>
			<win_config_MISC_GroupScreenScraper_Password>Mot de passe Screenscraper</win_config_MISC_GroupScreenScraper_Password>
			<win_config_MISC_GroupScreenScraper_NbThread>Nombre de thread</win_config_MISC_GroupScreenScraper_NbThread>
			<win_config_MISC_GroupScreenScraper_Check>Vérifier</win_config_MISC_GroupScreenScraper_Check>
			<win_config_MISC_GroupScreenScraper_SSRegister>Inscription sur Screenscraper</win_config_MISC_GroupScreenScraper_SSRegister>
			<win_config_MISC_GroupRechFiles>Fichiers scrapés</win_config_MISC_GroupRechFiles>
			<win_config_MISC_GroupRechFiles_Include>Fichiers inclus</win_config_MISC_GroupRechFiles_Include>
			<win_config_MISC_GroupRechFiles_Exclude>Fichiers exclus</win_config_MISC_GroupRechFiles_Exclude>
			<win_config_MISC_GroupRechFiles_ExcludeFolder>Répertoires exclus</win_config_MISC_GroupRechFiles_ExcludeFolder>
			
			<win_config_autoconf_Title>Configuration des Chemins de l'autoconfiguration</win_config_autoconf_Title>
			<win_config_autoconf_Use>Activer l'autoconfiguration</win_config_autoconf_Use>
			<win_config_autoconf_GroupScrap>Scraper</win_config_autoconf_GroupScrap>
			<win_config_autoconf_GroupScrap_Source_RootPath>Chemin d'origine des roms</win_config_autoconf_GroupScrap_Source_RootPath>
			<win_config_autoconf_GroupScrap_Target_XMLName>Nom du fichier XML</win_config_autoconf_GroupScrap_Target_XMLName>
			<win_config_autoconf_GroupScrap_Target_RomPath>Chemin des roms dans le fichier XML</win_config_autoconf_GroupScrap_Target_RomPath>
			<win_config_autoconf_GroupImage>Images</win_config_autoconf_GroupImage>
			<win_config_autoconf_GroupImage_Source_ImagePath>Nom du répertoire des images à télécharger</win_config_autoconf_GroupImage_Source_ImagePath>
			<win_config_autoconf_GroupImage_Target_ImagePath>Chemin des images dans le fichier XML</win_config_autoconf_GroupImage_Target_ImagePath>

			<win_config_Enreg>Enregistrer</win_config_Enreg>
			<win_config_Cancel>Annuler</win_config_Cancel>
			<win_config_Advanced>Avancée</win_config_Advanced>
		</win_config>
		<win_config_mix>
			<win_config_mix_Title>Configuration Mix Image</win_config_mix_Title>
			<win_config_mix_empty>Exemple vide</win_config_mix_empty>
			<win_config_mix_exemple>Exemple</win_config_mix_exemple>
			<win_config_mix_Enreg>Enregistrer</win_config_mix_Enreg>
			<win_config_mix_Cancel>Annuler</win_config_mix_Cancel>
		</win_config_mix>
		<win_config_mix_Download>
			<win_config_mix_Download_Title>Télécharger des Templage Mix</win_config_mix_Download_Title>
			<win_config_mix_Download_empty>Exemple vide</win_config_mix_Download_empty>
			<win_config_mix_Download_exemple>Exemple</win_config_mix_Download_exemple>
			<win_config_mix_Download_Download>Télécharger</win_config_mix_Download_Download>
			<win_config_mix_Download_Exit>Quitter</win_config_mix_Download_Exit>
		</win_config_mix_Download>
		<win_About>
			<win_About_Title>A propos</win_About_Title>
			<win_About_By>Auteur : Screech</win_About_By>
			<win_About_Thanks>Remerciement à :</win_About_Thanks>
		</win_About>
		<win_Results>
			<win_Results_Title>Compte rendu</win_Results_Title>
			<win_Results_Text>Scrape Terminé</win_Results_Text>
			<win_Results_FilesFound>Nombre de fichiers trouvés : </win_Results_FilesFound>
			<win_Results_RomsFound>Nombre de Roms trouvées : </win_Results_RomsFound>
			<win_Results_PercentFound>Pourcentage de roms trouvées : </win_Results_PercentFound>
			<win_Results_MoyTime>Temps moyen par Roms : </win_Results_MoyTime>
			<win_Results_FullTime>Temps Total du Scrape : </win_Results_FullTime>
			<win_Results_NbThread>Nombre de Thread(s) utilisé(s) : </win_Results_NbThread>
		</win_Results>
		<Win_Wizard>
			<win_Wizard_Next>Suivant</win_Wizard_Next>
			<win_Wizard_Back>Retour</win_Wizard_Back>
			<Win_Wizard_OS>
				<Win_Wizard_OS_Group>Votre système d'exploitation</Win_Wizard_OS_Group>
				<Win_Wizard_OS_Libelle>Selectionnez votre système d'exploitation</Win_Wizard_OS_Libelle>
				<Win_Wizard_OS_Tip_Recalbox>Recalbox</Win_Wizard_OS_Tip_Recalbox>
				<Win_Wizard_OS_Tip_Retropie>Retropie</Win_Wizard_OS_Tip_Retropie>
			</Win_Wizard_OS>
			<Win_Wizard_MediaChoice>
				<Win_Wizard_MediaChoice_Group>Choix du visuel</Win_Wizard_MediaChoice_Group>
				<Win_Wizard_MediaChoice_Libelle>Selectionnez votre type de visuel</Win_Wizard_MediaChoice_Libelle>
				<Win_Wizard_MediaChoice_Tip_Simple>Un simple média</Win_Wizard_MediaChoice_Tip_Simple>
				<Win_Wizard_MediaChoice_Tip_Mix>Un composition graphique de plusieurs médias</Win_Wizard_MediaChoice_Tip_Mix>
			</Win_Wizard_MediaChoice>
			<Win_Wizard_MediaSimpleChoice>
				<Win_Wizard_MediaSimpleChoice_Group>Choix du visuel par default</Win_Wizard_MediaSimpleChoice_Group>
				<Win_Wizard_MediaSimpleChoice_Libelle>Selectionnez votre type de visuel par défaut</Win_Wizard_MediaSimpleChoice_Libelle>
				<Win_Wizard_MediaSimpleChoice_Tip_SS>Une capture d'écran</Win_Wizard_MediaSimpleChoice_Tip_SS>
				<Win_Wizard_MediaSimpleChoice_Tip_Wheel>Un logo</Win_Wizard_MediaSimpleChoice_Tip_Wheel>
				<Win_Wizard_MediaSimpleChoice_Tip_2DBox>Une boite en 2D</Win_Wizard_MediaSimpleChoice_Tip_2DBox>
				<Win_Wizard_MediaSimpleChoice_Tip_3DBox>Une boite en 3D</Win_Wizard_MediaSimpleChoice_Tip_3DBox>
			</Win_Wizard_MediaSimpleChoice>
			<Win_Wizard_MediaSimpleAltChoice>
				<Win_Wizard_MediaSimpleAltChoice_Group>Choix du visuel alternatif</Win_Wizard_MediaSimpleAltChoice_Group>
				<Win_Wizard_MediaSimpleAltChoice_Libelle>Selectionnez votre type de visuel alternatif@CRLF(Si le visuel par défaut n'est pas disponible)</Win_Wizard_MediaSimpleAltChoice_Libelle>
				<Win_Wizard_MediaSimpleAltChoice_Tip_SS>Une capture d'écran</Win_Wizard_MediaSimpleAltChoice_Tip_SS>
				<Win_Wizard_MediaSimpleAltChoice_Tip_Wheel>Un logo</Win_Wizard_MediaSimpleAltChoice_Tip_Wheel>
				<Win_Wizard_MediaSimpleAltChoice_Tip_2DBox>Une boite en 2D</Win_Wizard_MediaSimpleAltChoice_Tip_2DBox>
				<Win_Wizard_MediaSimpleAltChoice_Tip_3DBox>Une boite en 3D</Win_Wizard_MediaSimpleAltChoice_Tip_3DBox>
			</Win_Wizard_MediaSimpleAltChoice>
			<Win_Wizard_RomChoice>
				<Win_Wizard_RomChoice_Group>Choix de l'emplacement des roms</Win_Wizard_RomChoice_Group>
				<Win_Wizard_RomChoice_Libelle>Selectionnez l'emplacement de vos roms</Win_Wizard_RomChoice_Libelle>
				<Win_Wizard_RomChoice_Tip_RPI>Sur votre RaspberryPi</Win_Wizard_RomChoice_Tip_RPI>
				<Win_Wizard_RomChoice_Tip_Local>En local (Disque externe, clef USB,...)</Win_Wizard_RomChoice_Tip_Local>
				<Win_Wizard_RomChoice_Browse>Précisez le chemin racine de vos repertoires de rom</Win_Wizard_RomChoice_Browse>
				<Win_Wizard_RomChoice_Browse_Warning_Title>ATTENTION</Win_Wizard_RomChoice_Browse_Warning_Title>
				<Win_Wizard_RomChoice_Browse_Warning_Label>Le repertoire séléctionné ne semble pas contenir de repertoire de rom.@CRLFVoulez-vous continuer quand meme ?</Win_Wizard_RomChoice_Browse_Warning_Label>
			</Win_Wizard_RomChoice>
			<Win_Wizard_SSChoice>
				<Win_Wizard_SSChoice_Group>ScreenScraper</Win_Wizard_SSChoice_Group>
				<Win_Wizard_SSChoice_Libelle>Possedez vous un compte ScreenScraper ?</Win_Wizard_SSChoice_Libelle>
				<Win_Wizard_SSChoice_Tip_Yes>Oui</Win_Wizard_SSChoice_Tip_Yes>
				<Win_Wizard_SSChoice_Tip_No>Non</Win_Wizard_SSChoice_Tip_No>
			</Win_Wizard_SSChoice>
			<Win_Wizard_SSIdChoice>
				<Win_Wizard_SSIdChoice_Group>ScreenScraper</Win_Wizard_SSIdChoice_Group>
				<Win_Wizard_SSIdChoice_Id>Votre Id :</Win_Wizard_SSIdChoice_Id>
				<Win_Wizard_SSIdChoice_Tip_Id>Votre Identifiant ScreenScraper</Win_Wizard_SSIdChoice_Tip_Id>
				<Win_Wizard_SSIdChoice_Pwd>Votre Mdp :</Win_Wizard_SSIdChoice_Pwd>
				<Win_Wizard_SSIdChoice_Tip_Pwd>Votre Mot de passe ScreenScraper</Win_Wizard_SSIdChoice_Tip_Pwd>
				<Win_Wizard_SSIdChoice_Test>Tester votre Id</Win_Wizard_SSIdChoice_Test>
				<Win_Wizard_SSIdChoice_Tip_Test>Test la connection au serveur avec votre Id</Win_Wizard_SSIdChoice_Tip_Test>
			</Win_Wizard_SSIdChoice>
			<Win_Wizard_ScrapeChoice>
				<Win_Wizard_ScrapeChoice_Group>Scraper</Win_Wizard_ScrapeChoice_Group>
				<Win_Wizard_ScrapeChoice_Libelle>Souhaitez vous lancer un scrape ?</Win_Wizard_ScrapeChoice_Libelle>
				<Win_Wizard_ScrapeChoice_Tip_Yes>Oui</Win_Wizard_ScrapeChoice_Tip_Yes>
				<Win_Wizard_ScrapeChoice_Tip_No>Non - Retour à l'interface</Win_Wizard_ScrapeChoice_Tip_No>
			</Win_Wizard_ScrapeChoice>
		</Win_Wizard>
	</windows>
</gui>

<Options>
	<Option_Group_Media>Visuel</Option_Group_Media>
	<Option_Group_Name>Nom</Option_Group_Name>
	<Option_Group_Case>Casse</Option_Group_Case>

	<Option_Name_MediaType>Type de visuel</Option_Name_MediaType>
	<Option_Name_DefaultPicture>Image par default</Option_Name_DefaultPicture>
	<Option_Name_AlternativePicture>Image alternative</Option_Name_AlternativePicture>
	<Option_Name_Marquee>Marquee</Option_Name_Marquee>
	<Option_Name_Video>Vidéo</Option_Name_Video>
	<Option_Name_NameFormat>Format du nom</Option_Name_NameFormat>
	<Option_Name_Country>Region</Option_Name_Country>
	<Option_Name_Clone>Clone</Option_Name_Clone>
	<Option_Name_Beta>Beta</Option_Name_Beta>
	<Option_Name_Demo>Demo</Option_Name_Demo>
	<Option_Name_Proto>Prototype</Option_Name_Proto>
	<Option_Name_Trad>Traduction</Option_Name_Trad>
	<Option_Name_Hack>Hack</Option_Name_Hack>
	<Option_Name_Unl>Sans licence</Option_Name_Unl>
	<Option_Name_Alt>Alternatif</Option_Name_Alt>
	<Option_Name_Best>Meilleur</Option_Name_Best>
	<Option_Name_NameCase>Casse du nom</Option_Name_NameCase>
	<Option_Name_DescriptionCase>Casse de la description</Option_Name_DescriptionCase>
	<Option_Name_DeveloperCase>Casse du développeur</Option_Name_DeveloperCase>
	<Option_Name_PublisherCase>Casse de l'éditeur</Option_Name_PublisherCase>
	<Option_Name_GenreCase>Casse du genre</Option_Name_GenreCase>

	<Option_Value_SimpleMedia>Visuel simple</Option_Value_SimpleMedia>
	<Option_Value_MixMedia>Visuel MIX</Option_Value_MixMedia>
	<Option_Value_Nothing>Rien</Option_Value_Nothing>
	<Option_Value_Marquee>Marquee</Option_Value_Marquee>
	<Option_Value_Screenshot>Capture d'écran</Option_Value_Screenshot>
	<Option_Value_Box2D>Boite en 2D</Option_Value_Box2D>
	<Option_Value_Box3D>Boite en 3D</Option_Value_Box3D>
	<Option_Value_BoxTexture>Texture de la boite</Option_Value_BoxTexture>
	<Option_Value_Support2D>Support en 2D</Option_Value_Support2D>
	<Option_Value_SupportTexture>Texture du support</Option_Value_SupportTexture>
	<Option_Value_Fanart>Fanart</Option_Value_Fanart>
	<Option_Value_Wheels>Logo</Option_Value_Wheels>
	<Option_Value_WheelsCarbon>Logo carbon</Option_Value_WheelsCarbon>
	<Option_Value_WheelsSteel>Logo acier</Option_Value_WheelsSteel>
	<Option_Value_Standard>Nom du jeu</Option_Value_Standard>
	<Option_Value_GamenameOption>Nom du jeu + Options</Option_Value_GamenameOption>
	<Option_Value_GamenameFilneameBracket>Nom du jeu + tag du fichier</Option_Value_GamenameFilneameBracket>
	<Option_Value_Filename>Nom du ficher (sans ext)</Option_Value_Filename>
	<Option_Value_Yes>Oui</Option_Value_Yes>
	<Option_Value_YesWithoutWord>Oui sans les (Monde)</Option_Value_YesWithoutWord>
	<Option_Value_No>Non</Option_Value_No>
	<Option_Value_Default>Par defaut</Option_Value_Default>
	<Option_Value_UpperCase>MAJUSCULE</Option_Value_UpperCase>
	<Option_Value_LowerCase>minuscule</Option_Value_LowerCase>
</Options>