<datapref>
	<langpref>pt|en|wor</langpref>
	<countrypref>%COUNTRY%|pt|eu|wor|ss|us|jp|cus</countrypref>
</datapref>

<error>
	<err_title>Erro</err_title>
	<err_PathRom>Não é possível aceder ao caminho(Path) das roms</err_PathRom>
	<err_FillRomList>Nenhum ficheiro encontrado</err_FillRomList>
	<err_autoconfPathRom>Não é possível aceder ao caminho(Path) das roms para configuração automática</err_autoconfPathRom>
	<err_UXSGlobal>Erro fatal Universal XML Scraper !</err_UXSGlobal>
	<err_Connection>(Problema ao ligar a base de dados)</err_Connection>
	<err_TimeOut>(Expirou)</err_TimeOut>
	<err_SystemList>(err_SystemList)</err_SystemList>
	<err_ScrapeEngine>(Falha ao arrancar o motor de Scrape. Por favor verifica o Antivirús)</err_ScrapeEngine>
	<err_PlinkGlobal>Comando SSH teve um problema</err_PlinkGlobal>
	<err_PlinkConnection>(Não foi possível estabelecer conexão)</err_PlinkConnection>
	<err_NotRegistered>A tua conta não foi encontrada (Por favor verifica o nome de utilizador e a password)</err_NotRegistered>
</error>

<message>
	<mess_autoconf>Configuração automática em preparação</mess_autoconf>
	<mess_autoconf_ask_Title>Configuração automática</mess_autoconf_ask_Title>
	<mess_autoconf_ask_Question>Queres usar a Configuração automática ?</mess_autoconf_ask_Question>
	<mess_ssh_killall>Tens a certeza que queres parar o EmulationStation ?</mess_ssh_killall>
	<mess_ssh_start>Tens a certeza que queres iniciar o EmulationStation ?</mess_ssh_start>
	<mess_ssh_reboot>Tens a certeza que queres reiniciar a máquina remota ?</mess_ssh_reboot>
	<mess_ssh_poweroff>Tens a certeza que queres desligar a máquina remota ?</mess_ssh_poweroff>
	<mess_update_Title>Atualização necessária</mess_update_Title>
	<mess_update_Question>Atualizar</mess_update_Question>
	<mess_ssregister_title>Conta registada</mess_ssregister_title>
	<mess_ssregister_OK>A tua conta dá-te um máximo de </mess_ssregister_OK>
	<mess_ssregister_GodMode>És : um Deus, meio Deus (ou pelo menos 2/3 Deus) ou Chuck Norris. Tem cuidado !!!</mess_ssregister_GodMode>
</message>

<gui>
	<main_gui>Universal XML Scraper V2</main_gui>
	<menu>
		<mnu_file>Ficheiro</mnu_file>
		<mnu_file_exit>Sair</mnu_file_exit>
		
		<mnu_cfg>Configuração</mnu_cfg>
		<mnu_cfg_Wizard>Iniciar assistente</mnu_cfg_Wizard>
		<mnu_cfg_config_LU>Configuração da Path</mnu_cfg_config_LU>
		<mnu_cfg_config_MISC>Configuração geral</mnu_cfg_config_MISC>
		<mnu_cfg_config_Option>Opções</mnu_cfg_config_Option>
		<mnu_cfg_config_PIC>Configuração de imagens</mnu_cfg_config_PIC>
		<mnu_cfg_config_autoconf>Configuração da Path de configuração automática</mnu_cfg_config_autoconf>
		<mnu_cfg_profil>Alterar perfil</mnu_cfg_profil>
		<mnu_cfg_miximage>Alterar perfil de imagens MIX</mnu_cfg_miximage>
		<mnu_cfg_download_miximage>Baixar Imagens MIX</mnu_cfg_download_miximage>
		<mnu_cfg_langue>Alterar idioma</mnu_cfg_langue>
		
		<mnu_scrape>Scrape</mnu_scrape>
		<mnu_scrape_autoconf>Seleciona o teu sistema (Autoconf)</mnu_scrape_autoconf>
		<mnu_scrape_solo>Scrape </mnu_scrape_solo>
		<mnu_scrape_fullscrape>Scrape de todos os sistemas</mnu_scrape_fullscrape>
		
		<mnu_ssh>Comando SSH</mnu_ssh>
		<mnu_ssh_Parameter>Parâmetro SSH</mnu_ssh_Parameter>
		<mnu_ssh_killall>Parar Emulationstation</mnu_ssh_killall>
		<mnu_ssh_start>Iniciar Emulationstation</mnu_ssh_start>
		<mnu_ssh_reboot>Reiniciar máquina remota</mnu_ssh_reboot>
		<mnu_ssh_poweroff>Desligar máquina remota</mnu_ssh_poweroff>
		
		<mnu_help>Ajuda</mnu_help>
		<mnu_help_wiki>Ajuda (wiki)</mnu_help_wiki>
		<mnu_help_support>Ajuda-nos</mnu_help_support>
		<mnu_help_link>Ligações</mnu_help_link>
		<mnu_help_about>Sobre</mnu_help_about>
	</menu>
	<windows>
		<scrap_button>Scrape</scrap_button>
		<scrap_cancel_button>Cancelar</scrap_cancel_button>
		<win_sel_langue>
			<win_sel_langue_Title>Seleção de idioma</win_sel_langue_Title>
			<win_sel_langue_text>Seleciona o seu idioma</win_sel_langue_text>
			<win_sel_langue_button>Selecionar</win_sel_langue_button>
		</win_sel_langue>
		<win_sel_profil>
			<win_sel_profil_Title>Seleção de perfil</win_sel_profil_Title>
			<win_sel_profil_text>Escolhe o seu perfil</win_sel_profil_text>
			<win_sel_profil_button>Selecionar</win_sel_profil_button>
		</win_sel_profil>
		<win_sel_system>
			<win_sel_system_Title>Seleção de sistema</win_sel_system_Title>
			<win_sel_system_text>Escolhe a sua pasta de imagens</win_sel_system_text>
			<win_sel_system_button>Selecionar</win_sel_system_button>
		</win_sel_system>
		<win_config>
			<win_config_LU_Title>Configuração da Path</win_config_LU_Title>
			<win_config_LU_GroupScrap>Scraper</win_config_LU_GroupScrap>
			<win_config_LU_GroupScrap_Source_RootPath>Pasta de Roms para fazer scrape</win_config_LU_GroupScrap_Source_RootPath>
			<win_config_LU_GroupScrap_Source_RomPath>Pasta de Roms para fazer scrape</win_config_LU_GroupScrap_Source_RomPath>
			<win_config_LU_GroupScrap_Target_XMLName>Path do ficheiro XML</win_config_LU_GroupScrap_Target_XMLName>
			<win_config_LU_GroupScrap_Target_RomPath>Path das roms no ficheiro XML</win_config_LU_GroupScrap_Target_RomPath>
			<win_config_LU_GroupImage>Imagens</win_config_LU_GroupImage>
			<win_config_LU_GroupImage_Source_ImagePath>Pasta para onde as imagens vão ser descarregadas</win_config_LU_GroupImage_Source_ImagePath>
			<win_config_LU_GroupImage_Target_ImagePath>Path das imagens no ficheiro XML</win_config_LU_GroupImage_Target_ImagePath>
			
			<win_config_PIC_Title>Configuração de imagens</win_config_PIC_Title>
			<win_config_PIC_GroupPICParam>Parâmetros das imagens</win_config_PIC_GroupPICParam>
			<win_config_PIC_GroupPICParam_PicSize>Tamanho das imagens</win_config_PIC_GroupPICParam_PicSize>
			<win_config_PIC_GroupPICParam_PicExt>Extenção das imagens</win_config_PIC_GroupPICParam_PicExt>
			
			<win_config_Option_Title>Configuração de opções</win_config_Option_Title>
			<win_config_Option_GroupOption>Elemento a alterar</win_config_Option_GroupOption>
			<win_config_Option_GroupOption_Choice>Escolha de elemento</win_config_Option_GroupOption_Choice>
			<win_config_Option_GroupParam>Parâmetro a alterar</win_config_Option_GroupParam>
			
			<win_config_MISC_Title>Configuração geral</win_config_MISC_Title>
			<win_config_MISC_GroupMISC>Misc</win_config_MISC_GroupMISC>
			<win_config_MISC_GroupMISC_CountryPref>Preferências regionais</win_config_MISC_GroupMISC_CountryPref>
			<win_config_MISC_GroupMISC_LangPref>Preferencias de idioma</win_config_MISC_GroupMISC_LangPref>
			<win_config_MISC_GroupMISC_ScrapeMode>Modo de Scrape</win_config_MISC_GroupMISC_ScrapeMode>
			<win_config_MISC_GroupMISC_ScrapeModeChoice>0 - Novo ficheiro XML|1 - Atualizar XML (Adicionar nova Rom)|2 - Criar apenas imagem</win_config_MISC_GroupMISC_ScrapeModeChoice>
			<win_config_MISC_GroupMISC_ScrapeSearchMode>Modo de pesquisa</win_config_MISC_GroupMISC_ScrapeSearchMode>
			<win_config_MISC_GroupMISC_ScrapeSearchModeChoice>0 - CRC+Nome do ficheiro|1 - CRC|2 - Nome do ficheiro</win_config_MISC_GroupMISC_ScrapeSearchModeChoice>
			<win_config_MISC_GroupMISC_CountryPicMode>Modo de imagem</win_config_MISC_GroupMISC_CountryPicMode>
			<win_config_MISC_GroupMISC_CountryPicModeChoice>0 - Imagem idioma|1 - Imagem Rom|2 - Imagem idioma rigoroso|3 - Imagem Rom rigoroso</win_config_MISC_GroupMISC_CountryPicModeChoice>
			<win_config_MISC_GroupMISC_Verbose>Nível de Log</win_config_MISC_GroupMISC_Verbose>
			<win_config_MISC_GroupMISC_VerboseChoice>0 - Padrão|1 - Avançado|2 - Completo</win_config_MISC_GroupMISC_VerboseChoice>
			<win_config_MISC_GroupMISC_MissingMode>Adicionar roms em falta ao XML</win_config_MISC_GroupMISC_MissingMode>
			<win_config_MISC_GroupMISC_RechSys>Selecionar sistema automaticamente</win_config_MISC_GroupMISC_RechSys>
			<win_config_MISC_GroupMISC_Mirror>Usar DigiMirror</win_config_MISC_GroupMISC_Mirror>
			<win_config_MISC_GroupScreenScraper>Screenscraper</win_config_MISC_GroupScreenScraper>
			<win_config_MISC_GroupScreenScraper_Login>Utilizador Screenscraper</win_config_MISC_GroupScreenScraper_Login>
			<win_config_MISC_GroupScreenScraper_Password>Password Screenscraper</win_config_MISC_GroupScreenScraper_Password>
			<win_config_MISC_GroupScreenScraper_NbThread>Número de Threads</win_config_MISC_GroupScreenScraper_NbThread>
			<win_config_MISC_GroupScreenScraper_Check>Verificar</win_config_MISC_GroupScreenScraper_Check>
			<win_config_MISC_GroupScreenScraper_SSRegister>Registro Screenscraper</win_config_MISC_GroupScreenScraper_SSRegister>
			<win_config_MISC_GroupRechFiles>Ficheiros Scraped</win_config_MISC_GroupRechFiles>
			<win_config_MISC_GroupRechFiles_Include>Ficheiros incluidos</win_config_MISC_GroupRechFiles_Include>
			<win_config_MISC_GroupRechFiles_Exclude>Ficheiros excluidos</win_config_MISC_GroupRechFiles_Exclude>
			<win_config_MISC_GroupRechFiles_ExcludeFolder>Pastas excluidas</win_config_MISC_GroupRechFiles_ExcludeFolder>
			
			<win_config_autoconf_Title>Configuração da Path da Configuração automática</win_config_autoconf_Title>
			<win_config_autoconf_Use>Usar Configuração automática</win_config_autoconf_Use>
			<win_config_autoconf_GroupScrap>Scraper</win_config_autoconf_GroupScrap>
			<win_config_autoconf_GroupScrap_Source_RootPath>Pasta raiz do sistema</win_config_autoconf_GroupScrap_Source_RootPath>
			<win_config_autoconf_GroupScrap_Target_XMLName>Nome do ficheiro XML</win_config_autoconf_GroupScrap_Target_XMLName>
			<win_config_autoconf_GroupScrap_Target_RomPath>Path das roms no ficheiro XML</win_config_autoconf_GroupScrap_Target_RomPath>
			<win_config_autoconf_GroupImage>Imagem</win_config_autoconf_GroupImage>
			<win_config_autoconf_GroupImage_Source_ImagePath>Pasta para onde as imagens vão ser descarregadas</win_config_autoconf_GroupImage_Source_ImagePath>
			<win_config_autoconf_GroupImage_Target_ImagePath>Path das imagens no ficheiro XML</win_config_autoconf_GroupImage_Target_ImagePath>

			<win_config_Enreg>Salvar</win_config_Enreg>
			<win_config_Cancel>Cancelar</win_config_Cancel>
			<win_config_Advanced>Avançado</win_config_Advanced>
		</win_config>
		<win_config_mix>
			<win_config_mix_Title>Configuração Imagens Mix</win_config_mix_Title>
			<win_config_mix_empty>Exemplo vazio</win_config_mix_empty>
			<win_config_mix_exemple>Exemplo</win_config_mix_exemple>
			<win_config_mix_Enreg>Salvar</win_config_mix_Enreg>
			<win_config_mix_Cancel>Cancelar</win_config_mix_Cancel>
		</win_config_mix>
		<win_config_mix_Download>
			<win_config_mix_Download_Title>Baixar modelo Mix</win_config_mix_Download_Title>
			<win_config_mix_Download_empty>Exemplo vazio</win_config_mix_Download_empty>
			<win_config_mix_Download_exemple>Exemplo</win_config_mix_Download_exemple>
			<win_config_mix_Download_Download>Baixar</win_config_mix_Download_Download>
			<win_config_mix_Download_Exit>Sair</win_config_mix_Download_Exit>
		</win_config_mix_Download>
		<win_About>
			<win_About_Title>Sobre</win_About_Title>
			<win_About_By>Autor : Screech</win_About_By>
			<win_About_Thanks>Obrigado a :</win_About_Thanks>
		</win_About>
		<win_Results>
			<win_Results_Title>Resultados do Scrape</win_Results_Title>
			<win_Results_Text>Scrape concluido</win_Results_Text>
			<win_Results_FilesFound>Ficheiros encontrados : </win_Results_FilesFound>
			<win_Results_RomsFound>Roms encontradas : </win_Results_RomsFound>
			<win_Results_PercentFound>Percentagem de roms encontradas : </win_Results_PercentFound>
			<win_Results_MoyTime>Tempo médio por rom : </win_Results_MoyTime>
			<win_Results_FullTime>Tempo total : </win_Results_FullTime>
			<win_Results_NbThread>Thread(s) usadas : </win_Results_NbThread>
		</win_Results>
        <Win_Wizard>
			<win_Wizard_Next>Proximo</win_Wizard_Next>
			<win_Wizard_Back>Voltar</win_Wizard_Back>
			<Win_Wizard_OS>
				<Win_Wizard_OS_Group>Seu sistema</Win_Wizard_OS_Group>
				<Win_Wizard_OS_Libelle>Selecionar seu sistema</Win_Wizard_OS_Libelle>
				<Win_Wizard_OS_Tip_Recalbox>Recalbox</Win_Wizard_OS_Tip_Recalbox>
				<Win_Wizard_OS_Tip_Retropie>Retropie</Win_Wizard_OS_Tip_Retropie>
			</Win_Wizard_OS>
			<Win_Wizard_MediaChoice>
				<Win_Wizard_MediaChoice_Group>Escolha Visual</Win_Wizard_MediaChoice_Group>
				<Win_Wizard_MediaChoice_Libelle>Selecione seu visual</Win_Wizard_MediaChoice_Libelle>
				<Win_Wizard_MediaChoice_Tip_Simple>Simples</Win_Wizard_MediaChoice_Tip_Simple>
				<Win_Wizard_MediaChoice_Tip_Mix>Midia MIX </Win_Wizard_MediaChoice_Tip_Mix>
			</Win_Wizard_MediaChoice>
			<Win_Wizard_MediaSimpleChoice>
				<Win_Wizard_MediaSimpleChoice_Group>Escolha visual padrão</Win_Wizard_MediaSimpleChoice_Group>
				<Win_Wizard_MediaSimpleChoice_Libelle>Selecione seu visual padrão</Win_Wizard_MediaSimpleChoice_Libelle>
				<Win_Wizard_MediaSimpleChoice_Tip_SS>Screenshot simples</Win_Wizard_MediaSimpleChoice_Tip_SS>
				<Win_Wizard_MediaSimpleChoice_Tip_Wheel>Logo</Win_Wizard_MediaSimpleChoice_Tip_Wheel>
				<Win_Wizard_MediaSimpleChoice_Tip_2DBox>Cover 2D</Win_Wizard_MediaSimpleChoice_Tip_2DBox>
				<Win_Wizard_MediaSimpleChoice_Tip_3DBox>Cover 3D</Win_Wizard_MediaSimpleChoice_Tip_3DBox>
			</Win_Wizard_MediaSimpleChoice>
			<Win_Wizard_MediaSimpleAltChoice>
				<Win_Wizard_MediaSimpleAltChoice_Group>Visual Alternativo</Win_Wizard_MediaSimpleAltChoice_Group>
				<Win_Wizard_MediaSimpleAltChoice_Libelle>Selecione seu visual Atlternativo@CRLF(Se o padrão um não existir)</Win_Wizard_MediaSimpleAltChoice_Libelle>
				<Win_Wizard_MediaSimpleAltChoice_Tip_SS>Screenshot simples</Win_Wizard_MediaSimpleAltChoice_Tip_SS>
				<Win_Wizard_MediaSimpleAltChoice_Tip_Wheel>Logo</Win_Wizard_MediaSimpleAltChoice_Tip_Wheel>
				<Win_Wizard_MediaSimpleAltChoice_Tip_2DBox>Cover 2D</Win_Wizard_MediaSimpleAltChoice_Tip_2DBox>
				<Win_Wizard_MediaSimpleAltChoice_Tip_3DBox>Cover 3D</Win_Wizard_MediaSimpleAltChoice_Tip_3DBox>
			</Win_Wizard_MediaSimpleAltChoice>
			<Win_Wizard_RomChoice>
				<Win_Wizard_RomChoice_Group>Escolha a pasta das Roms</Win_Wizard_RomChoice_Group>
				<Win_Wizard_RomChoice_Libelle>Escolha onde estão as suas Roms</Win_Wizard_RomChoice_Libelle>
				<Win_Wizard_RomChoice_Tip_RPI>No seu RaspberryPi</Win_Wizard_RomChoice_Tip_RPI>
				<Win_Wizard_RomChoice_Tip_Local>Local (HD externo, Pendriver,...)</Win_Wizard_RomChoice_Tip_Local>
				<Win_Wizard_RomChoice_Browse>Especifique o caminho da sua pasta de roms</Win_Wizard_RomChoice_Browse>
				<Win_Wizard_RomChoice_Browse_Warning_Title>ATENÇÃO!!!</Win_Wizard_RomChoice_Browse_Warning_Title>
				<Win_Wizard_RomChoice_Browse_Warning_Label>A pasta escolhida parece não ter nenhuma rom.@CRLFVoce quer continuar ?</Win_Wizard_RomChoice_Browse_Warning_Label>
			</Win_Wizard_RomChoice>
			<Win_Wizard_SSChoice>
				<Win_Wizard_SSChoice_Group>ScreenScraper</Win_Wizard_SSChoice_Group>
				<Win_Wizard_SSChoice_Libelle>Você está registrado no ScreenScraper?</Win_Wizard_SSChoice_Libelle>
				<Win_Wizard_SSChoice_Tip_Yes>Sim</Win_Wizard_SSChoice_Tip_Yes>
				<Win_Wizard_SSChoice_Tip_No>Não</Win_Wizard_SSChoice_Tip_No>
			</Win_Wizard_SSChoice>
			<Win_Wizard_SSIdChoice>
				<Win_Wizard_SSIdChoice_Group>ScreenScraper</Win_Wizard_SSIdChoice_Group>
				<Win_Wizard_SSIdChoice_Id>Seu Id :</Win_Wizard_SSIdChoice_Id>
				<Win_Wizard_SSIdChoice_Tip_Id>Seu login ScreenScraper</Win_Wizard_SSIdChoice_Tip_Id>
				<Win_Wizard_SSIdChoice_Pwd>Sua senha :</Win_Wizard_SSIdChoice_Pwd>
				<Win_Wizard_SSIdChoice_Tip_Pwd>Sua senha ScreenScraper</Win_Wizard_SSIdChoice_Tip_Pwd>
				<Win_Wizard_SSIdChoice_Test>Check seu Id</Win_Wizard_SSIdChoice_Test>
				<Win_Wizard_SSIdChoice_Tip_Test>Verifique a sua conexão no site com o seu ID</Win_Wizard_SSIdChoice_Tip_Test>
			</Win_Wizard_SSIdChoice>
			<Win_Wizard_ScrapeChoice>
				<Win_Wizard_ScrapeChoice_Group>Scrape</Win_Wizard_ScrapeChoice_Group>
				<Win_Wizard_ScrapeChoice_Libelle>Voce quer fazer o scrape ?</Win_Wizard_ScrapeChoice_Libelle>
				<Win_Wizard_ScrapeChoice_Tip_Yes>Sim</Win_Wizard_ScrapeChoice_Tip_Yes>
				<Win_Wizard_ScrapeChoice_Tip_No>Não - Volte para interface</Win_Wizard_ScrapeChoice_Tip_No>
			</Win_Wizard_ScrapeChoice>
		</Win_Wizard>
	</windows>
</gui>
; TRANSLATION NEEDED
<Options>
	<Option_Group_Media>Visual</Option_Group_Media>
	<Option_Group_Name>Name</Option_Group_Name>
	<Option_Group_Case>Case</Option_Group_Case>

	<Option_Name_MediaType>Visuel type</Option_Name_MediaType>
	<Option_Name_DefaultPicture>Default visual</Option_Name_DefaultPicture>
	<Option_Name_AlternativePicture>Alt visual</Option_Name_AlternativePicture>
	<Option_Name_Marquee>Marquee</Option_Name_Marquee>
	<Option_Name_Video>Video</Option_Name_Video>
	<Option_Name_NameFormat>Name format</Option_Name_NameFormat>
	<Option_Name_Country>Country</Option_Name_Country>
	<Option_Name_Clone>Clone</Option_Name_Clone>
	<Option_Name_Beta>Beta</Option_Name_Beta>
	<Option_Name_Demo>Demo</Option_Name_Demo>
	<Option_Name_Proto>Prototype</Option_Name_Proto>
	<Option_Name_Trad>Translation</Option_Name_Trad>
	<Option_Name_Hack>Hack</Option_Name_Hack>
	<Option_Name_Unl>Unlicensed</Option_Name_Unl>
	<Option_Name_Alt>Alternatif</Option_Name_Alt>
	<Option_Name_Best>Best</Option_Name_Best>
	<Option_Name_NameCase>Name case</Option_Name_NameCase>
	<Option_Name_DescriptionCase>Description Case</Option_Name_DescriptionCase>
	<Option_Name_DeveloperCase>Developer Case</Option_Name_DeveloperCase>
	<Option_Name_PublisherCase>Publisher Case</Option_Name_PublisherCase>
	<Option_Name_GenreCase>Genre Case</Option_Name_GenreCase>

	<Option_Value_SimpleMedia>Simple visual</Option_Value_SimpleMedia>
	<Option_Value_MixMedia>MIX visual</Option_Value_MixMedia>
	<Option_Value_Nothing>Nothing</Option_Value_Nothing>
	<Option_Value_Marquee>Marquee</Option_Value_Marquee>
	<Option_Value_Screenshot>Screenshot</Option_Value_Screenshot>
	<Option_Value_Box2D>2D Cover</Option_Value_Box2D>
	<Option_Value_Box3D>3D Cover</Option_Value_Box3D>
	<Option_Value_BoxTexture>Texture Cover</Option_Value_BoxTexture>
	<Option_Value_Support2D>2D Support</Option_Value_Support2D>
	<Option_Value_SupportTexture>Texture support</Option_Value_SupportTexture>
	<Option_Value_Fanart>Fanart</Option_Value_Fanart>
	<Option_Value_Wheels>Wheel</Option_Value_Wheels>
	<Option_Value_WheelsCarbon>Wheel carbon</Option_Value_WheelsCarbon>
	<Option_Value_WheelsSteel>Wheel steel</Option_Value_WheelsSteel>
	<Option_Value_Standard>Game name</Option_Value_Standard>
	<Option_Value_GamenameOption>Game name + Options</Option_Value_GamenameOption>
	<Option_Value_GamenameFilneameBracket>Game name + filename tag</Option_Value_GamenameFilneameBracket>
	<Option_Value_Filename>Filename (without ext)</Option_Value_Filename>
	<Option_Value_Yes>Yes</Option_Value_Yes>
	<Option_Value_YesWithoutWord>Yes without (World)</Option_Value_YesWithoutWord>
	<Option_Value_No>No</Option_Value_No>
	<Option_Value_Default>Default</Option_Value_Default>
	<Option_Value_UpperCase>UPPERCASE</Option_Value_UpperCase>
	<Option_Value_LowerCase>lowercase</Option_Value_LowerCase>
</Options>

<mess_ssh_killallForced>UXS will kill EmulationStation to scrape.</mess_ssh_killallForced>
<win_config_MISC_GroupMISC_ScrapeZip>UnZip files</win_config_MISC_GroupMISC_ScrapeZip>
<mess_continue>Do you want to continue ?</mess_continue>
<mess_Yes>Yes</mess_Yes>
<mess_No>No</mess_No>
<mess_filefound_Title>Temporary Files Found</mess_filefound_Title>
<mess_filefound>Some temporary file where found, do you want to generate an xml file ?</mess_filefound>
<mess_filefound_Path>Where do you want to store the XML File ?</mess_filefound_Path>
<mnu_cfg_config_reset_autoconf>Reset default autoconfiguration Path</mnu_cfg_config_reset_autoconf>
<mnu_cfg_config_alt_autoconf>Use alt autoconfiguration Path</mnu_cfg_config_alt_autoconf>
